{
  "id": "E000PD",
  "title": "Découverte des activités disponibles dans ePoc",
  "image": "images/mobile-learning.png",
  "teaser": "",
  "authors": {
    "tqwoe2": {
      "name": "Minh Phuong DOAN",
      "image": "images/photo-Phuong.JPG",
      "description": "Stagiaire en ingénierie pédagogique chez Inria Learning Lab de mars à juillet 2021. "
    },
    "t54cg6": {
      "name": "Gérôme PERRIN",
      "image": "images/Gerome-photo.jpeg",
      "description": "Stagiaire en développement chez Inria Learning Lab d'avril à juin 2021. "
    }
  },
  "summary": "<p>Bienvenue à l'ePoc sur ePoc ! </p>\n<p>On vous invite à tester tous types d'activités de l'ePoc. Attention, il y a certaines activités qui fonctionnent bien dans le format proposé mais il y en a aussi d'autres qui ne marchent pas trop (au moins, selon l'auteure !).</p>\n<p> On vous propose ensuite un guide de bonnes pratiques pour utiliser les activités Question ouverte, Swipe, Liste déroulante et Cliquer-déposer. </p>\n\n<p>Amusez-vous bien !</p>",
  "objectives": [
    "Tester les activités disponibles sur ePoc",
    "Se renseigner des caractéristiques et des usages de certains types d'activités (Swipe, Liste déroulante, Cliquer-déposer)"
  ],
  "certificateScore": "180",
  "chapters": {
    "zo07fh": {
      "title": "Mise en forme",
      "image": "images/ch1-typo.png",
      "objectives": [],
      "contents": [
        "yc4kqn",
        "vcfcre"
      ]
    },
    "openq1": {
      "title": "Questions ouvertes, QCM et QCU non notées",
      "image": "images/ch2-QCX.png",
      "objectives": [],
      "contents": [
        "crfo70",
        "qtk8e1",
        "abcdef"
      ]
    },
    "abcde5": {
      "title": "Activités QCU / QCM notée",
      "image": "images/ch3-QCX-corrige.png",
      "objectives": [],
      "contents": [
        "ofsqst",
        "abcdeg",
        "12345i",
        "mlsjvx",
        "12345a",
        "abcdeh"
      ]
    },
    "abcde2": {
      "title": "Activité Swipe",
      "image": "images/ch4-swipe.png",
      "objectives": [],
      "contents": [
        "vugzg5",
        "2pa3tl",
        "12345c"
      ]
    },
    "abcde4": {
      "title": "Activité Glisser-déposer",
      "image": "images/ch5-glisser-deposer.png",
      "objectives": [],
      "contents": [
        "6hucut",
        "6xowl8",
        "12345g"
      ]
    },
    "abcde6": {
      "title": "Activité Reorder",
      "image": "images/ch6-ordonner.png",
      "objectives": [],
      "contents": [
        "ltyp7a",
        "12345k",
        "12345l"
      ]
    },
    "33vua7": {
      "title": "Activité Vrai ou Faux",
      "image": "images/ch7-vrai-faux.png",
      "objectives": [],
      "contents": [
        "bvpk7d"
      ]
    },
    "abcde3": {
      "title": "Activité Liste déroulante",
      "image": "images/ch8-liste-deroulante.png",
      "objectives": [],
      "contents": [
        "iyh649",
        "utgyto",
        "9y22s7"
      ]
    },
    "uujijz": {
      "title": "Activité Texte à trous",
      "image": "images/ch9-texte-a-trous.png",
      "objectives": [],
      "contents": [
        "noft91",
        "1cxx35"
      ]
    },
    "cna6en": {
      "title": "Plugins",
      "image": "",
      "objectives": [],
      "contents": [
        "svlpa9",
        "x496zm"
      ]
    },
    "q5lbuf": {
      "title": "Points, attestation et paramètres",
      "image": "images/ch10-attestation.png",
      "objectives": [],
      "contents": [
        "kfkv45",
        "lt14kq",
        "0gpwqt"
      ]
    }
  },
  "questions": {
    "i56o81": {
      "type": "choice",
      "score": "0",
      "statement": "Réfléchissez à la question suivante afin d'avoir vos propres réponses",
      "label": "Une personne a déclaré que la meilleure couleur est le bleu. Qu'en dites-vous ?",
      "responses": [],
      "correctResponse": [],
      "explanation": "Il n'y a pas de meilleures couleurs, tout ça n'est que subjectif et change d'un individu à un autre"
    },
    "shu46y": {
      "type": "choice",
      "score": "0",
      "statement": "Choisissez la bonne réponse",
      "label": "Le cheval blanc d'Henry IV est de couleur  ____ .",
      "responses": [
        {
          "label": "a)\tnoire",
          "value": "5ve693"
        },
        {
          "label": "b)\tblanche",
          "value": "3k0vam"
        },
        {
          "label": "c)\tbrune",
          "value": "349fje"
        }
      ],
      "correctResponse": [
        "3k0vam"
      ],
      "explanation": "La réponse était écrite dans la question !"
    },
    "jcj5og": {
      "type": "multiple-choice",
      "score": "0",
      "statement": "Choisissez les bonnes réponses",
      "label": "Quels sont les nombres pairs ?",
      "responses": [
        {
          "label": "a)\t2",
          "value": "5ve693"
        },
        {
          "label": "b)\t3",
          "value": "3k0vam"
        },
        {
          "label": "c)\t19",
          "value": "343fje"
        },
        {
          "label": "d)\t8",
          "value": "349fje"
        }
      ],
      "correctResponse": [
        "5ve693",
        "349fje"
      ],
      "explanation": "Un entier est un nombre pair s'il est multiple de deux."
    },
    "9bla0j": {
      "type": "multiple-choice",
      "score": "20",
      "statement": "Choisissez les bonnes réponses",
      "label": "Combien font 0.125 + 1/8 ?",
      "responses": [
        {
          "label": "\"1/4\"",
          "value": "t83pgp"
        },
        {
          "label": "\"1/6\"",
          "value": "asy4jw"
        },
        {
          "label": "\"0.25\"",
          "value": "d0ylql"
        },
        {
          "label": "\"0.1625\"",
          "value": "eeae34"
        }
      ],
      "correctResponse": [
        "t83pgp",
        "d0ylql"
      ],
      "explanation": "<p>1/8 vaut 0.125 donc 0.125 * 2 = 1/4 = 0.25</p>"
    },
    "9bla2j": {
      "type": "swipe",
      "score": "20",
      "statement": "Glissez la carte à gauche ou à droite dans la catégorie convenable",
      "label": "Aujourd'hui, qu'est-ce qui est possible et impossible de faire avec l'IA ?",
      "responses": [
        {
          "label": "Traduire un poème d'une langue à une autre en tenant compte de la culture et de la sensibilité des personnes qui vont le lire",
          "value": "t83pgp"
        },
        {
          "label": "Générer automatiquement un tableau impossible à distinguer d'un vrai tableau de Van-Gogh",
          "value": "asy4jw"
        },
        {
          "label": "Traduire un texte mécaniquement d'une langue à une autre",
          "value": "d0ylql"
        },
        {
          "label": "Conduire un train ou faire atterrir un avion",
          "value": "4xwm1e"
        },
        {
          "label": "Un robot qui simule des émotions",
          "value": "bsgthz"
        },
        {
          "label": "Un robot qui ressent des émotions",
          "value": "1535df"
        },
        {
          "label": "Conduire une voiture de manière autonome en ville",
          "value": "f3g90f"
        }
      ],
      "correctResponse": [
        {
          "label": "Possible",
          "values": [
            "d0ylql",
            "4xwm1e",
            "bsgthz"
          ]
        },
        {
          "label": "Impossible",
          "values": [
            "t83pgp",
            "asy4jw",
            "1535df",
            "f3g90f"
          ]
        }
      ],
      "explanation": "<p>Il y a effectivement une limite à ce que peuvent faire des intelligences artificielles.</p>\n<p>On peut traduire un texte très facilement, mais traduire un poème ou un texte symbolique avec tout ce que cela comporte, en matière de connotations et d'éléments culturels, est beaucoup plus complexe ! C'est typiquement quelque chose qu'un algorithme ne fera pas.</p>\n<p>Par contre, conduire un train ou faire atterrir un avion est plus sûr si cela est réalisé par une machine, pourtant on conserve le pilote pour gérer les situations imprévues. À l'inverse, et contrairement à beaucoup de battage médiatique, faire conduire une voiture autonome en ville est probablement une tâche qui ne se fera jamais, à moins d'adapter fortement nos structures urbaines.</p>\n<p>On peut aussi utiliser un mécanisme de transformation d'images pour créer, à partir d'une photo, un tableau qui ressemble statistiquement à une toile de Van Gogh. Mais cela, évidemment, ne trompera pas un expert. </p>\n<p>On peut enfin simuler des émotions sur un cobot (un robot qui interagit avec des humains), et faire sentir aux humains ces émotions simulées. Cela ne signifie pas, à l'évidence, que les circuits électroniques et les organes mécaniques ressentent ces émotions.</p>\n\n<p><b>[ REMARQUE ? ]</b></p>\n<p><b><em>Êtes-vous à l'aise en manipulant cette activité (sans parler de la fluidité des mouvements, des conditions techniques) ? Si oui, on est du même avis. Trouvez mes explications dans la suite de ce module. \n</em> </b></p>"
    },
    "9bla6j": {
      "type": "drag-and-drop",
      "score": "20",
      "statement": "Classez chaque item dans la catégorie convenable en cliquant dans la zone correspondante",
      "label": "D'après vous, ces objets ou technologies fonctionnent-ils avec l'IA ?",
      "responses": [
        {
          "label": "Micro-onde",
          "value": "t83pgp"
        },
        {
          "label": "Facebook",
          "value": "asy4jw"
        },
        {
          "label": "Robot",
          "value": "d0ylql"
        },
        {
          "label": "Jeu de scrabble sur l'ordinateur",
          "value": "n82v5n"
        },
        {
          "label": "Smartphone",
          "value": "7pdmbx"
        }
      ],
      "correctResponse": [
        {
          "label": "Avec IA",
          "values": [
            "asy4jw",
            "7pdmbx"
          ]
        },
        {
          "label": "Sans IA",
          "values": [
            "t83pgp"
          ]
        },
        {
          "label": "Ça dépend",
          "values": [
            "d0ylql",
            "n82v5n"
          ]
        }
      ],
      "explanation": "<b>Sans IA :</b> <em>Micro-onde</em></br>\n<p>C’est une machine, un appareil mécanique conçu pour réaliser une tâche précise, réchauffer nos plats. </p>\n\n<b>Ça dépend : </b><em>Robot, Jeu de scrabble</em></br>\n<p>Il est possible qu’un robot fonctionne avec un programme d’intelligence artificielle mais ce n’est pas forcément le cas. Un robot est avant tout un appareil mécanique composé de circuits électriques, de capteurs et de récepteurs.</p>\n<p>Concernant le jeu de scrabble, si vous jouez contre l’ordinateur, et non contre d’autres joueurs connectés en ligne, alors oui, ce jeu de scrabble utilise bien de l’intelligence artificielle.</p>\n\n<b>Avec IA :</b> <em>Facebook, téléphone portable</em></br>\n<p>IA est à l'origine de nombreuses des fonctionnalités autour de nous. Facebook est capable de reconnaître des visages sur nos photos pour ajouter des oreilles de lapins dessus. Sur notre téléphone, on peut avoir des fonctionnalités comme la prédiction de mots lorsqu’on écrit un sms, les assistants vocaux à qui on peut parler, les recommandations vidéo, etc.</p>\n\n<p><b>[ REMARQUE ? ]</b></p>\n<p><b><em>Êtes-vous à l'aise en manipulant cette activité ? Si oui, on est du même avis. Trouvez mes explications d'usage de l'activité Cliquer-déposer dans la suite de ce module. </em> </b></p>\n"
    },
    "9bla8j": {
      "type": "choice",
      "score": "20",
      "statement": "Choisissez la bonne réponse",
      "label": "Qu'entend-on dans les coquillages ?",
      "responses": [
        {
          "label": "a)\tle bruit des vagues",
          "value": "A"
        },
        {
          "label": "b)\tle son du sang qui parcourt nos veines",
          "value": "B"
        },
        {
          "label": "c)\tle bruit du vent qui résonne",
          "value": "C"
        }
      ],
      "correctResponse": [
        "B"
      ],
      "explanation": "<p>En réalité, le bruit que l'on entend à l'intérieur d'un coquillage n’est pas le doux murmure des vagues, mais le bruit de la circulation sanguine. </p>\n<p>En effet, le coquillage agit comme une caisse de résonance en amplifiant le bruit du sang qui circule dans les vaisseaux de l’oreille. Ce bruit ressemble à un bourdonnement régulier que l’on peut faire varier en éloignant et approchant le coquillage de son oreille. </p>\n\n<p>C’est cette modulation qui donne l’impression d’entendre des vagues. Vous pouvez également faire l’expérience avec un bol ou un pot de confiture. Malheureusement, certaines personnes vivent très mal ce phénomène.</p>"
    },
    "9bla10": {
      "type": "reorder",
      "score": "20",
      "statement": "",
      "label": "Classer ces années dans l'ordre croissant",
      "responses": [
        {
          "label": "L'année 1455",
          "value": "C"
        },
        {
          "label": "L'année 1989",
          "value": "A"
        },
        {
          "label": "L'année 2094",
          "value": "B"
        }
      ],
      "correctResponse": "CAB",
      "explanation": "<p>En effet, 1455 < 1989 < 2094</p>"
    },
    "9bla11": {
      "type": "reorder",
      "score": "20",
      "easierScoring": true,
      "statement": "",
      "label": "Classez du plus long au plus court ces trois fleuves dans l'ordre décroissant",
      "responses": [
        {
          "label": "le Rhin",
          "value": "C"
        },
        {
          "label": "la Loire",
          "value": "A"
        },
        {
          "label": "le Rhône",
          "value": "B"
        }
      ],
      "correctResponse": "CAB",
      "explanation": "<p>En effet, le Rhin (1325km), la Loire (1012 km) et le Rhône (812 km)</p>"
    },
    "yypwsn": {
      "type": "choice",
      "score": "20",
      "statement": "Choisissez la bonne réponse",
      "label": "Quelle bizarrerie caractérisait-elle Einstein ?",
      "responses": [
        {
          "label": "a)\tIl refusait de mettre des lunettes",
          "value": "knkfcq"
        },
        {
          "label": "b)\tIl ne portait pas de chaussettes",
          "value": "hc3x16"
        },
        {
          "label": "c)\tIl dormait toujours la tête au Nord",
          "value": "8w3pgr"
        }
      ],
      "correctResponse": [
        "hc3x16"
      ],
      "explanation": "<p>Albert Einstein n’était pas seulement un scientifique de génie, c'était aussi un homme dont la vie a été parsemée d'histoires aussi improbables qu'hallucinantes. Une des anecdotes est qu'il ne portait quasiment jamais de chaussettes ! En effet, il n’aimait pas en porter. Il préférait rester pieds nus dans ses chaussures. </p>"
    },
    "7fcamf": {
      "type": "multiple-choice",
      "score": "20",
      "statement": "Choisissez les bonnes réponses",
      "label": "Lesquelles de ces planètes sont les voisines de la Terre ?",
      "responses": [
        {
          "label": "Vénus",
          "value": "silr3h"
        },
        {
          "label": "Mars",
          "value": "fyo3kf"
        },
        {
          "label": "Mercure",
          "value": "hv9izm"
        },
        {
          "label": "Jupiter",
          "value": "uccrcf"
        },
        {
          "label": "Saturne",
          "value": "u14kdr"
        },
        {
          "label": "Uranus",
          "value": "o56sp2"
        },
        {
          "label": "Neptune",
          "value": "726qyg"
        }
      ],
      "correctResponse": [
        "silr3h",
        "fyo3kf"
      ],
      "explanation": "<p>C’est Vénus qui est la planète la plus proche de la Terre. En distance moyenne, elle se trouve à 40 millions de km de nous. Même quand Mars est au plus proche, elle ne se trouve qu’à 56 millions de km.</p>\n<p>Comme Venus (et nous-mêmes) faisons le tour du Soleil, il peut se trouver que nous soyons éloignés de plus de 250 millions de km. Au plus proche, nous pouvons nous trouver à seulement 35 millions de km.</p>\n<p>Si vous n'avez pas répondu juste, voici quelques petits trucs mnémotechniques pour retenir l’ordre des planètes de notre système solaire, en partant du Soleil : </p>\n<p>Ma Voici Toute Mignonne, Je Suis Une Nébuleuse </p>\n<p>Me Voici Toute Modifiée, Je Suis Une Nouveauté.\n</p>\n<p>Me Voilà Tout Mouillé, J‘ai Suivi Un Nuage.\n</p>"
    },
    "q4lcmw": {
      "type": "dropdown-list",
      "score": "20",
      "statement": "Remplissez chaque affirmation en choisissant le bon terme dans la liste déroulante",
      "label": "Ces descriptions font-elles référence à une IA symbolique ou une IA numérique ?",
      "responses": [
        {
          "label": "1) ________ est basée sur des connaissances explicites.",
          "value": "y0bevy"
        },
        {
          "label": "2) ________ s'est fortement développée avec l'apprentissage profond.",
          "value": "zwpknn"
        },
        {
          "label": "3) ________ utilise la logique.",
          "value": "kc3mft"
        },
        {
          "label": "4) ________ a besoin de beaucoup de données.",
          "value": "jd2m29"
        },
        {
          "label": "5) ________ utilise les statistiques selon une approche holistique.",
          "value": "pi7chp"
        },
        {
          "label": "6) ________ utilise même avec peu de données.",
          "value": "c5ujgo"
        }
      ],
      "correctResponse": [
        {
          "label": "IA symbolique",
          "values": [
            "y0bevy",
            "kc3mft",
            "c5ujgo"
          ]
        },
        {
          "label": "IA numérique",
          "values": [
            "jd2m29",
            "pi7chp",
            "zwpknn"
          ]
        }
      ],
      "explanation": "<p>Le développement de l’IA s’est toujours fait sur la base d’une dualité entre deux approches, symbolique ou numérique. </p>\n<p>Le paradigme symbolique met l’accent sur la résolution, explicite des problèmes et utilise la logique formelle en suivant une approche réductionniste, tandis que le paradigme numérique est centré sur l’apprentissage en utilisant les statistiques selon une approche holistique.</p>\n<p>L'approche symbolique privilégie effectivement l'introduction explicite de connaissances, qui a donné naissance au système expert dans les années 80 et qui est aujourd'hui très utilisée au niveau du web sémantique. </p>\n<p>En s’appuyant sur l'approche numérique, l'apprentissage machine et l'apprentissage profond ont fait exploser les performances de l'IA, avec par exemple la transcription des paroles en textes, la reconnaissance des objets dans des images, etc.</p>\n\n<p><b>[ REMARQUE ? ]</b></p>\n<p><b><em>Êtes-vous à l'aise en manipulant cette activité ? Si oui, on est du même avis. L'activité vous donne les moyens nécessaires de bien réfléchir avant de faire des classements. Vous pouvez classer, re-classer en prenant en compte les autres caractéristiques figurées sur l'écran. \n</em> </b></p>\n<em> <b><p>Trouvez plus de mes explications d'usage de l'activité Liste déroulante dans la suite de ce module. </em> </b></p>\n<em> <b><p>\nVous pouvez tester cette même activité sous format Swipe (Module 4 - Activité Swipe) (<a linkto=\"abcde2/content/y87rfz\">ici</a>) pour faire des comparaisons.\n</em> </b></p>\n"
    },
    "v8geje": {
      "type": "swipe",
      "score": 0,
      "statement": "Glissez la carte à gauche ou à droite dans la catégorie convenable",
      "label": "Ces descriptions font-elles référence à une IA symbolique ou une IA numérique ?",
      "responses": [
        {
          "label": "Elle a besoin de beaucoup de données.",
          "value": "qu6xwm"
        },
        {
          "label": "Elle est basée sur des connaissances explicites",
          "value": "g4k6ue"
        },
        {
          "label": "Elle s'est fortement développée avec l'apprentissage profond.",
          "value": "gdajfj"
        },
        {
          "label": "Elle utilise la logique.",
          "value": "uhppfd"
        },
        {
          "label": "Elle utilise les statistiques selon une approche holistique.",
          "value": "cpx30k"
        },
        {
          "label": "Elle utilise même avec peu de données.",
          "value": "ijedyn"
        }
      ],
      "correctResponse": [
        {
          "label": "IA symbolique",
          "values": [
            "g4k6ue",
            "uhppfd",
            "ijedyn"
          ]
        },
        {
          "label": "IA numérique",
          "values": [
            "gdajfj",
            "qu6xwm",
            "cpx30k"
          ]
        }
      ],
      "explanation": "<p>Le développement de l’IA s’est toujours fait sur la base d’une dualité entre deux approches, symbolique ou numérique. </p>\n<p>Le paradigme symbolique met l’accent sur la résolution, explicite des problèmes et utilise la logique formelle en suivant une approche réductionniste, tandis que le paradigme numérique est centré sur l’apprentissage en utilisant les statistiques selon une approche holistique.</p>\n<p>L'approche symbolique privilégie effectivement l'introduction explicite de connaissances, qui a donné naissance au système expert dans les années 80 et qui est aujourd'hui très utilisée au niveau du web sémantique. </p>\n<p>En s’appuyant sur l'approche numérique, l'apprentissage machine et l'apprentissage profond ont fait exploser les performances de l'IA, avec par exemple la transcription des paroles en textes, la reconnaissance des objets dans des images, etc.</p>\n\n<p><b>[ REMARQUE ? ]</b></p>\n<p><b><em>Êtes-vous à l'aise en manipulant cette activité ? Selon moi, non car cette activité vous demande beaucoup d'effort cognitif. Vous avez dû réfléchir à quel groupe appartient une caractéristique qui pourrait elle-même se confondre avec celle de l'autre groupe. Compliqué, non ? </em> </b></p>\n<p><b><em>Et si vous aviez toutes les caractéristiques sous vos yeux, vous auriez peut-être moins de difficulté de classer parce que certaines caractéristiques ont des liens logiques entre elles. </em> </b></p>\n<p><b><em>Exemple : Si vous avez déjà classé \"Elle a besoin de beaucoup de données\" dans \"IA numérique\" tout au début de l'activité, il vous arrive de vous rappeler de cette notion vers la fin de l'activité, et ce pour la 2e fois, afin de pouvoir classer la carte \"Elle utilise même avec peu de données\" dans \"IA symbolique\". Et maintenant, si vous voulez changer d'avis sur ce classement, de multiples clics sur Annuler pour revenir en arrière seront peut-être gênants.  </em> </b></p>\n<p><b><em> L'activité n'est pas fastidieuse, l'erreur vient plutôt du fait que ce format choisi n'est pas approprié.  \n<br> Trouvez mes explications d'usage pour l'activité Swipe dans la suite de ce module. \n</em> </b></p>\n"
    },
    "6pxb3t": {
      "type": "dropdown-list",
      "score": 0,
      "statement": "Remplissez ce texte en choisissant le bon terme dans la liste déroulante",
      "label": "Comment décrit-on les caractéristiques des deux types d’applications logicielles de l’IA ?",
      "responses": [
        {
          "label": "Un grand nombre des technologies que nous utilisons fonctionnent désormais avec de l’intelligence artificielle. Elles utilisent deux types d’applications logicielles de l’IA : un système de “reconnaissance” et/ou un système de prédiction. Un (1) ___________ identifie et classifie l’ensemble des données qu’on lui soumet.",
          "value": "zxcfat"
        },
        {
          "label": "Il permet de (2) ___________ une image, un visage, un son, un mot…",
          "value": "y0pein"
        },
        {
          "label": "Un tel système augmente les fonctionnalités des applications de nos smartphones, moteurs de recherche ou logiciels pour réseaux sociaux. Grâce au (3) ___________ , une application peut désormais identifier les photos d’une personne et les classer dans un album dédié.",
          "value": "q5mgvj"
        },
        {
          "label": "C’est également ce qui permet aux traducteurs des moteurs de recherche comme Google d’identifier automatiquement la langue d’origine d’un mot que l’on cherche à traduire. Le (4) ___________ quant à lui se base sur une masse de données.",
          "value": "g9wp2k"
        },
        {
          "label": "ll permet de (5) ___________ des événements ou comportements futurs, comme les prévisions météo.",
          "value": "zh8vpe"
        },
        {
          "label": "Il est par exemple très utilisé sur les réseaux sociaux et sites de vente en ligne, pour cibler les publicités en fonction des utilisateurs. En se basant sur vos (6) ___________ (sexe, lieu de résidence, centres d’intérêts, derniers achats en ligne, dernières recherches…), l’algorithme détermine les achats que vous êtes le plus susceptible de faire dans les jours à venir et vous propose une publicité en fonction de ces données.",
          "value": "0x1ajm"
        }
      ],
      "correctResponse": [
        {
          "label": "système de reconnaissance",
          "values": [
            "zxcfat",
            "q5mgvj"
          ]
        },
        {
          "label": "système de prédiction",
          "values": [
            "g9wp2k"
          ]
        },
        {
          "label": "prédire",
          "values": [
            "zh8vpe"
          ]
        },
        {
          "label": "reconnaître",
          "values": [
            "y0pein"
          ]
        },
        {
          "label": "données",
          "values": [
            "0x1ajm"
          ]
        }
      ],
      "explanation": "<p><b>[ REMARQUE ]</b></p>\n<p><b><em>Il ne s'agit qu'un exemple vite conçu pour illustrer l'un des usages de l'activité Liste déroulante. Même si le développement actuel de l'activité n'a pas été fait pour le texte à trous, cet usage est éventuellement possible, à condition que : \n<ul>\n<li>le texte soit assez brève ; </li>\n<li>il y ait un seul trou par phrase ;</li>\n<li>le trou soit numéroté ;</li>\n<li>le trou, signalé par \"_________\", ne soit pas trop éloigné de la zone cliquable pour choisir le mot manquant dans la liste déroulante ;</li>\n<li>la phrase contenant le trou soit la dernière dans \"Libellé\", toutes phrases suivantes relatives à cette phrase doivent se placer au début du \"Libellé\" suivant.</li>\n</ul>\n</em> </b></p>"
    },
    "dobjkb": {
      "type": "choice",
      "score": "20",
      "statement": "Choisissez les bonnes réponses",
      "label": "Combien font 1 + 1 ?",
      "responses": [
        {
          "label": "\"3\"",
          "value": "jyovnf"
        },
        {
          "label": "\"2\"",
          "value": "pfnoso"
        },
        {
          "label": "\"1\"",
          "value": "yi3goo"
        }
      ],
      "correctResponse": [
        "pfnoso"
      ],
      "explanation": "<p>1 + 1 = 2. Si t'as pas trouvé, retourne à la maternelle ;-)</p>"
    }
  },
  "contents": {
    "abcdef": {
      "type": "simple-question",
      "title": "Simple carte à retourner ?",
      "question": "i56o81"
    },
    "abcdeg": {
      "type": "simple-question",
      "title": "QCU ? (1)",
      "question": "shu46y"
    },
    "abcdeh": {
      "type": "simple-question",
      "title": "QCM ? (2)",
      "question": "jcj5og"
    },
    "12345a": {
      "type": "assessment",
      "title": "QCM ? (1)",
      "questions": [
        "9bla0j",
        "7fcamf"
      ]
    },
    "12345c": {
      "type": "assessment",
      "title": "Swipe ?",
      "questions": [
        "9bla2j"
      ]
    },
    "12345g": {
      "type": "assessment",
      "title": "Glisser-déposer ?",
      "questions": [
        "9bla6j"
      ]
    },
    "12345i": {
      "type": "assessment",
      "title": "QCU ? (2)",
      "questions": [
        "9bla8j",
        "yypwsn"
      ]
    },
    "12345k": {
      "type": "assessment",
      "title": "Reorder ?",
      "questions": [
        "9bla10"
      ]
    },
    "12345l": {
      "type": "assessment",
      "title": "Reorder notée ?",
      "questions": [
        "9bla11"
      ]
    },
    "crfo70": {
      "type": "html",
      "title": "Pourquoi des questions ouvertes ?",
      "html": "<h6 style=\"color:#e63312\">Question ouverte</h6>\n\n<div class=\"accordion\"> \n    <input id=\"accordion-item1\" type=\"checkbox\" name=\"accordion-checkbox\" hidden=\"\"> \n    <label class=\"accordion-header\" for=\"accordion-item1\">\n        <i class=\"ill-icon ill-icon-chevron-right\"></i> \n        <span><h7><b style=\"color:#54b5b2\">Pourquoi ? </b></h7></span>\n    </label> \n    <div class=\"accordion-body\"> \n\n<p style=\"font-size:16px\" > Un des reproches qu’on fait souvent à des environnements d’apprentissage en ligne est le manque de présence humaine. Tout est mécanique, carré, soit blanc soit noir. <br> Si on pose une bonne question mais on rédige les options détaillées, on risque de cadrer la réflexion et d’empêcher l’apprenant d’avoir d’autres points de vue.\nEt parfois les réponses sont plus compliquées qu’un Oui ou Non, D’accord ou Pas d’accord.</p>\n    </div> \n</div> \n\n<h7 style=\"color:#54b5b2\"><b>Description</b></h7>\n<ul>\n<li>Poser une question ouverte favorisant la libre réflexion de l’apprenant, donc sans options à choisir ni zones de texte à saisir. Le feedback reste donc neutre.</li>\n<li>Soutenir la liberté et l’autonomie de l’apprenant => Participer à l’ouverture du dispositif.</li>\n</ul>\n\n\n<h7 style=\"color:#54b5b2\"><b>Caractéristiques</b></h7>\n<ul>\n<p><em><b>Avantage : </b></em></p>\n\n<li>Faire confiance à l’apprenant dans un environnement d’apprentissage informatisé, lui donner la liberté et favoriser son autonomie</li>\n<li>Rester neutre sans juger l’avis de l’apprenant</li>\n<li>Éviter de rédiger les options pas plausibles</li>\n</ul>\n\n<ul>\n<p><b><em>Inconvénient : </em></b></p>\n\n<li>Ça risque que l’apprenant ne réfléchit pas avant d’accéder au feedback </li>\n</ul>"
    },
    "vugzg5": {
      "type": "html",
      "title": "Le \"swipe\", pour quel usage ?",
      "html": "<h6 style=\"color:#e63312\">Glisser les cartes - Swipe</h6>\n\n<h7 style=\"color:#54b5b2\"><b>Description</b></h7>\n<p>Activité de classer les énoncés / items / caractéristiques dans <b>uniquement</b> 2 catégories</p>\n\n<h7 style=\"color:#54b5b2\"><b>Caractéristiques</b></h7>\n<ul>\n<p><b><em>Avantage : </em></b></p>\n\n<li>rapide à classer, écran épuré </li>\n</ul>\n\n<ul>\n<p><b><em>Inconvénient : </em></b></p>\n\n<li>difficulté à visualiser l’ensemble des options / énoncés de chaque catégorie </li>\n</ul>\n\n<h7 style=\"color:#54b5b2\"><b>Pour quel type d’activité ?</b></h7>\n<ul>\n<li>Activité appropriée aux 2 catégories sémantiquement assez distinctes, voire de caractère dichotomique, par ex : Vrai / Faux, Possible / Impossible, Correct / Incorrect. <br>Au niveau cognitif, cela ne demande pas de gros efforts.\n</li>\n<li>La visualisation de l’intégralité des énoncés n’est pas importante. \n </li>\n<li>Absence des énoncés distracteurs qui n’appartiennent à aucune catégorie.  </li>\n</ul>\n\n<div class=\"accordion\"> \n    <input id=\"accordion-item4\" type=\"checkbox\" name=\"accordion-checkbox\" hidden=\"\"> \n    <label class=\"accordion-header\" for=\"accordion-item4\">\n        <i class=\"ill-icon ill-icon-chevron-right\"></i> \n        <span><h7><b style=\"color:#54b5b2\">Ma suggestion </b></h7></span>\n    </label> \n    <div class=\"accordion-body\"> \n\n<div style=\"font-size:16px\">\n<p> Les énoncés devraient être sémantiquement indépendants et la classification d’un énoncé dans une catégorie n’impacte pas, ou même ne facilite ni ne suggère pas le classement des suivants. </p> <p><b>Cependant</b>, telle logique est toujours possible. Tout dépend du degré de difficulté souhaité pour la tâche conçue.</p>\n<p>Si le titre des catégories est long, adopter une abréviation et la signaler dans la question posée. </p>\n</div>\n    </div> \n</div> "
    },
    "6hucut": {
      "type": "html",
      "title": "Pourquoi le \"Glisser-déposer\"",
      "html": "<h6 style=\"color:#e63312\">Glisser-déposer</h6>\n\n<h7 style=\"color:#54b5b2\"><b>Description</b></h7>\n<p>Activité de classer des items dans 2 ou 3 catégories-groupes au maximum</p>\n\n<h7 style=\"color:#54b5b2\"><b>Caractéristiques</b></h7>\n<ul>\n<p><b><em>Avantage : </em></b></p>\n\n<li>rapide à classer (1 clic pour chaque item)</li>\n</ul>\n\n<ul>\n<p><b><em>Inconvénient : </em></b></p>\n\n<li>disparition des titres des groupes en cas d’un grand nombre d’items à classer</li>\n<li>espace limite pour scroller</li>\n<li>difficulté de visualiser tous les items </li>\n</ul>\n\n<h7 style=\"color:#54b5b2\"><b>Pour quel type d’activité ?</b></h7>\n<ul>\n<li>Classer de brèves items dans 2 ou 3 groupes. Il est souhaitable que les titres des catégories-groupes soient assez succincts.</li>\n</ul>"
    },
    "iyh649": {
      "type": "html",
      "title": "Usage des listes déroulantes",
      "html": "<h6 style=\"color:#e63312\">Liste déroulante</h6>\n\n<h7 style=\"color:#54b5b2\"><b>Description</b></h7>\n<p>Choisir les éléments dans la liste déroulante pour associer à de longs énoncés / items </p>\n\n<h7 style=\"color:#54b5b2\"><b>Caractéristiques</b></h7>\n<ul>\n<p><b><em>Avantage : </em></b></p>\n\n<li>possibilité de visualiser tous les énoncés, ce qui est exigé pour certaines activités</li>\n<li>donner à l’apprenant les dispositions nécessaires afin de bien réfléchir avant de classer</li>\n</ul>\n\n<ul>\n<p><b><em>Inconvénient : </em></b></p>\n\n<li>2 clics pour chaque classement </li>\n</ul>\n\n<h7 style=\"color:#54b5b2\"><b>Pour quel type d’activité ?</b></h7>\n<p>Les quiz qui demandent plus de réflexion. Plusieurs activités sont envisageables :</p>\n<ul>\n<li>1) Classer les énoncés dans 2 ou plus de 2 catégories dont les titres peuvent être longs</li>\n<li>2)Textes / phrases à trous : tous les éléments manquants de l’activité se figurent dans la liste déroulante (Association des termes donnés aux trous) </li>\n<li>3) Textes / phrases à trous : présence d’un ou des distracteur(s) dans la liste déroulante </li>\n<li>4) Vrai/ Faux où il est nécessaire de visualiser tous les énoncés</li>\n</ul>\n\n<div class=\"accordion\"> \n    <input id=\"accordion-item7\" type=\"checkbox\" name=\"accordion-checkbox\" hidden=\"\"> \n    <label class=\"accordion-header\" for=\"accordion-item7\">\n        <i class=\"ill-icon ill-icon-chevron-right\"></i> \n        <span><h7><b style=\"color:#54b5b2\">Ma suggestion </b></h7></span>\n    </label> \n    <div class=\"accordion-body\"> \n<div style=\"font-size:16px\">\n<ul>\n<li> Besoin de numéroter les phrases pour bien segmenter </li> \n<li> Avec les phrases à trous, remplacer le trou par trois points « ... » ou par « ____ » </li> \n</ul>\n</div>\n    </div> \n</div> "
    },
    "9y22s7": {
      "type": "assessment",
      "title": "Liste déroulante",
      "questions": [
        "q4lcmw"
      ]
    },
    "yc4kqn": {
      "type": "html",
      "title": "Je lis d'abord : IA symbolique et IA numérique",
      "html": "<h6 style=\"color:#e63312\">Approche symbolique VS. Approche numérique de l’IA </h6>\n\n<p style=\"font-size: 0.9rem;font-style: italic;\"><img style=\"display: block;\" src=\"assets/demo/images/module4-AI-typemachine.jpg\" alt=\"Artificial intelligence\">Image par <a href=\"https://pixabay.com/fr/users/viarami-13458823/?utm_source=link-attribution&utm_medium=referral&utm_campaign=image&utm_content=5288034\">Markus Winkler</a> de <a href=\"https://pixabay.com/fr/photos/mockup-machine-à-écrire-word-5288034/\">Pixabay</a></p>\n\n<p>Chacune de ces deux approches permet de faire réaliser des fonctions intelligentes à une machine : </p>\n\n<h7 style=\"color:#89ccca\"><b>1)\tApproche symbolique : </b></h7>basée sur une logique et des connaissances a priori. </br>\n<p>En formalisant des connaissances et de la logique, cette approche permet d’introduire des connaissances spécifiques a priori, avant d’appliquer des règles pour automatiser un certain nombre de raisonnements. Elle a aussi le mérite de pouvoir être utilisée même avec peu de données. </p>\n\n<h7 style=\"color:#89ccca\"><b>2)\t Approche numérique : </b></h7>basée sur des données et de l’apprentissage</br>\n<p>L’apprentissage machine s’appuie sur cette approche ou encore l’apprentissage profond. Elle permet de transcrire automatiquement des textes que l’on dicte, ou de reconnaître des objets dans des images. Elle nécessite beaucoup de données et se base sur des approches statistiques. </p>\n\n<p style=\"font-size: 0.9rem;font-style: italic;\"><img style=\"display: block;\" src=\"assets/demo/images/module4-approche-numerique.png\" alt=\"Algorithme Machine Learning\">Reconnaissance d’objets, Algorithme de machine learning ML5, <a href=\"https://pixees.fr/classcodeiai/app/tuto1/\">Class’Code IAI</a></p>\n\n\n<p><em><b>Exemple : </b></em></br>Si on programme un robot de cuisine à faire un pot au feu selon l’une de ces approches ?</p>\n<img src=\"assets/demo/images/module4-robot-de-cuisine.jpg\" alt=\"Robot de cuisine\" style=\"display: block;\"/>\n<p style=\"font-size: 0.9rem;font-style: italic;\">\nImage par <a href=\"https://pixabay.com/fr/users/nickype-10327513/?utm_source=link-attribution&amp;utm_medium=referral&amp;utm_campaign=image&amp;utm_content=3765024\">NickyPe</a> de <a href=\"https://pixabay.com/fr/?utm_source=link-attribution&amp;utm_medium=referral&amp;utm_campaign=image&amp;utm_content=3765024\">Pixabay</a></p>\n\n<p>On peut :</p>\n\t<div class=\"accordion\"> \n    <input id=\"accordion-item2\" type=\"checkbox\" name=\"accordion-checkbox\" hidden=\"\"> \n    <label class=\"accordion-header\" for=\"accordion-item2\">\n        <i class=\"ill-icon ill-icon-chevron-right\"></i> \n        <span><h7 style=\"color:#89ccca\"><b>Avoir une approche symbolique : </b></h7></span>\n    </label> \n    <div class=\"accordion-body\"> \n<p style=\"font-size:16px\">Si vous êtes un spécialiste de cette recette, vous pouvez donner explicitement une suite de règles et de principes pour faire du pot au feu. Ça sera très bien si vous êtes grand cuisinier·e et pourrez même proposer des techniques de très haut niveau, avec des raisonnements compliqués.</p>\n    </div> \n</div> \n\n\n<div class=\"accordion\"> \n    <input id=\"accordion-item3\" type=\"checkbox\" name=\"accordion-checkbox\" hidden=\"\"> \n    <label class=\"accordion-header\" for=\"accordion-item3\">\n        <i class=\"ill-icon ill-icon-chevron-right\"></i> \n        <span><h7 style=\"color:#89ccca\"><b>Avoir une approche numérique :</b></h7></span>\n    </label> \n    <div class=\"accordion-body\"> \n<p style=\"font-size:16px\">Sans savoir trop bien comment on fait, mais en observant beaucoup d’autres personnes qui font des pots au feu, on va pouvoir, par une analyse statistique et donc numérique de leurs méthodes, en tirer des règles générales et proposer des solutions. Ce sera sûrement moins explicite qu’avec des connaissances déjà faites mais ça sera plus flexible et adaptatif car basé sur la diversité des observations. On pourrait même trouver des choses que personne n’avait expérimenté avant (par exemple que certains mettent la viande avant ou après faire chauffer l’eau).</p>\n    </div> \n</div> \n"
    },
    "1cxx35": {
      "type": "assessment",
      "title": "Texte à trous ?",
      "questions": [
        "6pxb3t"
      ]
    },
    "qtk8e1": {
      "type": "html",
      "title": "Simple carte à retourner",
      "html": "<h1>Principe</h1>\n</p>Poser une question ouverte, puis bouton \"J'ai terminé\" pour retourner la carte. Si on re-clique, la carte se retourne.<p>\n\n<p style=\"text-align:center;\">\n<img style=\"width:70%;border: solid 1px #ccc;border-radius: 5px;\" src=\"assets/demo/images/MODULE-2.png\" alt=\"Simple carte\">\n</p>\n\n<div class=\"ill-alert\"> \n  <i class=\"ill-icon ill-icon-alert-triangle\"></i> \n  <p> \n    Le verso n'est pas le bon, cf. il ne devrait pas y avoir les deux boutons \"réponses\" et \"explications\"\n  </p> \n</div>\n\n<p style=\"text-align:center;\">\n<img style=\"width:70%;border: solid 1px #ccc;border-radius: 5px;\" src=\"assets/demo/images/4-ACTIVITE-EXPLICATIONS.png\" alt=\"Explication\">\n</p>"
    },
    "vcfcre": {
      "type": "html",
      "title": "Styles utilisables",
      "html": "<h3>Styles</h3>\nLe styles sont disponible sur : <a href=\"https://learninglab.gitlabpages.inria.fr/mooc-styleguide/\">https://learninglab.gitlabpages.inria.fr/mooc-styleguide/</a>\n<p>&nbsp;</p>\n<div class=\"styleguide-color\" style=\"background:#e63312;\">#e63312</div> \n<div class=\"styleguide-color\" style=\"background:#fef1ef;color:#e63312;\">#fef1ef</div> \n<div class=\"styleguide-color\" style=\"background:#40455a;\">#40455a</div> \n<div class=\"styleguide-color\" style=\"background:#c4c7d5;\">#c4c7d5</div> \n<div class=\"styleguide-color\" style=\"background:#eeeff3;color:#40455a;\">#eeeff3</div>\n\n\n<div class=\"ill-alert\"> \n  <i class=\"ill-icon ill-icon-alert-triangle\"></i> \n  <p> \n    <b>Message important :</b> Lorem ipsum dolor sit amet, consectetur adipisicing elit. \n  </p> \n</div>\n\n\n<div class=\"ill-alert alert-grey\"> \n  <i class=\"ill-icon ill-icon-message-square\"></i> \n  <p> \n    <b>Message important :</b> Lorem ipsum dolor sit amet, consectetur adipisicing elit.\n  </p> \n</div>\n\n<div class=\"ill-alert alert-blue\"> \n  <i class=\"ill-icon ill-icon-info\"></i> \n  <p> \n    <b>Message info :</b> Lorem ipsum dolor sit amet, consectetur adipisicing elit.\n  </p> \n</div>\n\n\n<details> \n  <summary>Français</summary> \n  <p> Dans cette vidéo, nous vous présentons quelques exemples récents de travaux dont les résultats ont été particulièrement controversés et discutés. Ils illustrent à quel point la capacité à pouvoir inspecter les méthodes utilisées pour produire tel ou tel résultat est essentielle. </p> \n</details>\n\n<div class=\"accordion\">\n    <input id=\"accordion-item4\" type=\"checkbox\" name=\"accordion-checkbox\" hidden=\"\">\n    <label class=\"accordion-header\" for=\"accordion-item4\">\n        <i class=\"ill-icon ill-icon-chevron-right\"></i> \n        <span><h7><b style=\"color:#54b5b2\">Ma suggestion </b></h7></span>\n    </label>\n    <div class=\"accordion-body\">\n\n        <div style=\"font-size:16px\">\n            <p> Les énoncés devraient être sémantiquement i... </p>\n        </div>\n    </div>\n</div>\n\n<figure> \n  <img src=\"assets/demo/images/photo-Phuong.JPG\"> \n  <figcaption>Phuong DUAN</figcaption> \n</figure>\n\n"
    },
    "ofsqst": {
      "type": "html",
      "title": "Question à choix unique notée",
      "html": "<h1>QCU noté</h1>\n\n<div class=\"ill-alert alert-blue\"> \n  <i class=\"ill-icon ill-icon-info\"></i> \n  <p> \n    C'est tout ou rien pour la note, logique ! \n  </p> \n</div>\n\n<p style=\"text-align:center;\">\n<img style=\"width:70%;border: solid 1px #ccc;border-radius: 5px;\" src=\"assets/demo/images/6-ACTIVITE-QCU.png\" alt=\"Simple carte\">\n</p>\n\n\n<div class=\"ill-alert\"> \n  <i class=\"ill-icon ill-icon-alert-triangle\"></i> \n  <p> \n    Il manque le verso.\n  </p> \n</div>"
    },
    "mlsjvx": {
      "type": "html",
      "title": "Question à choix multiple notée",
      "html": "<h1>QCM</h1>\n\n<div class=\"ill-alert alert-blue\"> \n  <i class=\"ill-icon ill-icon-info\"></i> \n  <p> \n    C'est tout ou rien pour la note.\n  </p> \n</div>\n\n<p style=\"text-align:center;\">\n<img style=\"width:70%;border: solid 1px #ccc;border-radius: 5px;\" src=\"assets/demo/images/6-ACTIVITE-QCM.png\" alt=\"Simple carte\">\n</p>\n\n\n<p style=\"text-align:center;\">\n<img style=\"width:70%;border: solid 1px #ccc;border-radius: 5px;\" src=\"assets/demo/images/6-ACTIVITE-QCM3.png\" alt=\"Simple carte\">\n</p>\n"
    },
    "2pa3tl": {
      "type": "html",
      "title": "Activité \"Swipe\"",
      "html": "<h1>Swipe</h1>\n\n<p style=\"text-align:center;\">\n<img style=\"width:70%;border: solid 1px #ccc;border-radius: 5px;\" src=\"assets/demo/images/4-ACTIVITE.png\" alt=\"Simple carte\">\n</p>\n\n<p style=\"text-align:center;\">\n<img style=\"width:70%;border: solid 1px #ccc;border-radius: 5px;\" src=\"assets/demo/images/5-ACTIVITE-SELECT-RESULTAT.png\" alt=\"Simple carte\">\n</p>\n"
    },
    "utgyto": {
      "type": "html",
      "title": "Activité \"Liste déroulante\"",
      "html": "<h1>Liste déroulante</h1>\n\n<div class=\"ill-alert alert-blue\"> \n  <i class=\"ill-icon ill-icon-info\"></i> \n  <p> \n    L'exemple est en bas de la page\n  </p> \n</div>\n\n<p style=\"text-align:center;\">\n<img style=\"width:70%;border: solid 1px #ccc;border-radius: 5px;\" src=\"assets/demo/images/5-ACTIVITE-SELECT1.png\" alt=\"Simple carte\">\n</p>\n\n<p style=\"text-align:center;\">\n<img style=\"width:70%;border: solid 1px #ccc;border-radius: 5px;\" src=\"assets/demo/images/5-ACTIVITE-SELECT3.png\" alt=\"Simple carte\">\n</p>\n\n<p style=\"text-align:center;\">\n<img style=\"width:70%;border: solid 1px #ccc;border-radius: 5px;\" src=\"assets/demo/images/5-ACTIVITE-SELECT-RESULTAT.png\" alt=\"Simple carte\">\n</p>\n"
    },
    "noft91": {
      "type": "html",
      "title": "Activité Texte à trous",
      "html": "<h1>Texte à trous</h1>\n\n\n<div class=\"ill-alert\"> \n  <i class=\"ill-icon ill-icon-alert-triangle\"></i> \n  <p> \n    Cette activité n'existe pas !\n  </p> \n</div>\n\n<p style=\"text-align:center;\">\n<img style=\"width:70%;border: solid 1px #ccc;border-radius: 5px;\" src=\"assets/demo/images/Texte-a-trous.png\" alt=\"Simple carte\">\n</p>"
    },
    "6xowl8": {
      "type": "html",
      "title": "Activité \"Glisser-déposer\"",
      "html": "<h1>Choisir une pile</h1>\n\n<p style=\"text-align:center;\">\n<img style=\"width:70%;border: solid 1px #ccc;border-radius: 5px;\" src=\"assets/demo/images/7-ACTIVITE-DEPOSER1.png\" alt=\"Simple carte\">\n</p>\n\n<p style=\"text-align:center;\">\n<img style=\"width:70%;border: solid 1px #ccc;border-radius: 5px;\" src=\"assets/demo/images/7-ACTIVITE-DEPOSER2.png\" alt=\"Simple carte\">\n</p>\n\n<p style=\"text-align:center;\">\n<img style=\"width:70%;border: solid 1px #ccc;border-radius: 5px;\" src=\"assets/demo/images/7-ACTIVITE-DEPOSER4.png\" alt=\"Simple carte\">\n</p>\n\n<p style=\"text-align:center;\">\n<img style=\"width:70%;border: solid 1px #ccc;border-radius: 5px;\" src=\"assets/demo/images/7-ACTIVITE-DEPOSER6.png\" alt=\"Simple carte\">\n</p>"
    },
    "ltyp7a": {
      "type": "html",
      "title": "Activité \"reorder\"",
      "html": "<h1>Réordonner</h1>\n\n<p style=\"text-align:center;\">\n<img style=\"width:70%;border: solid 1px #ccc;border-radius: 5px;\" src=\"assets/demo/images/6-ACTIVITE-REORDER2.png\" alt=\"Simple carte\">\n</p>\n\n<p style=\"text-align:center;\">\n<img style=\"width:70%;border: solid 1px #ccc;border-radius: 5px;\" src=\"assets/demo/images/6-ACTIVITE-REORDER3.png\" alt=\"Simple carte\">\n</p>\n"
    },
    "bvpk7d": {
      "type": "html",
      "title": "Activité Vrai ou Faux",
      "html": "<h1>Vrai ou Faux</h1>\n\n<p style=\"text-align:center;\">\n<img style=\"width:70%;border: solid 1px #ccc;border-radius: 5px;\" src=\"assets/demo/images/5-ACTIVITE-SELECT1.png\" alt=\"Simple carte\">\n</p>\n\n<p style=\"text-align:center;\">\n<img style=\"width:70%;border: solid 1px #ccc;border-radius: 5px;\" src=\"assets/demo/images/5-ACTIVITE-SELECT3.png\" alt=\"Simple carte\">\n</p>\n\n<p style=\"text-align:center;\">\n<img style=\"width:70%;border: solid 1px #ccc;border-radius: 5px;\" src=\"assets/demo/images/5-ACTIVITE-SELECT-RESULTAT.png\" alt=\"Simple carte\">\n</p>\n\n"
    },
    "lt14kq": {
      "type": "html",
      "title": "Score total",
      "html": "<h1>Score total</h1>\n\n<p style=\"text-align:center;\">\n<img style=\"width:70%;border: solid 1px #ccc;border-radius: 5px;\" src=\"assets/demo/images/9-ECRAN SCORE.png\" alt=\"Simple carte\">\n</p>"
    },
    "kfkv45": {
      "type": "html",
      "title": "Score de fin d'activité",
      "html": "<h1>Score de fin d'activité</h1>\n\n<p style=\"text-align:center;\">\n<img style=\"width:70%;border: solid 1px #ccc;border-radius: 5px;\" src=\"assets/demo/images/5-ACTIVITE-SELECT-EFI.png\" alt=\"Simple carte\">\n</p>"
    },
    "0gpwqt": {
      "type": "html",
      "title": "Paramètres",
      "html": "<h1>Paramètres</h1>\n\n<p style=\"text-align:center;\">\n<img style=\"width:70%;border: solid 1px #ccc;border-radius: 5px;\" src=\"assets/demo/images/9-PARAMETRES.png\" alt=\"Simple carte\">\n</p>"
    },
    "svlpa9": {
      "type": "html",
      "title": "Exemple plugin : Binary Cards",
      "html": "<binary-cards></binary-cards>"
    },
    "x496zm": {
      "type": "html",
      "title": "Exemple plugin : Image en binaire",
      "html": "<binary-img></binary-img>"
    }
  },
  "edition": "25/10/21",
  "plugins": [
    "plugins/test-plugin.js"
  ],
  "content": [
    {
      "id": "b",
      "type": "video",
      "name": "Dispositif PPST",
      "source": "assets/demo/ZRR/zrr-inrto.mp4ideo.mp4",
      "subtitles": "assets/demo/VP/soustitre-chapitre-1.vtt",
      "summary": "Qu'est-ce que le dispositif de PPST (protection du Potentiel Scientifique et Technique de la Nation). Pourquoi toutes ces précautions ? Ce dispositif, est-il nouveau ? Quels sont les risques et comment ça fonctionne ? Les réponses dans cette vidéo."
    },
    {
      "id": "c",
      "type": "html",
      "name": "Règlement intérieur",
      "html": "<h4>Ce que dit le règlement intérieur : </h4><p>Les Zones à Régime Restrictif (ZRR dans le reste du document) constituent l'un des outils de la PPST (Protection du Potentiel Scientifique et Technique)</p><ul><li>Il s'agit de zones visant à protéger des <strong>éléments essentiels</strong> du potentiel scientifique et technique de la Nation de captations indues. Les ZRR sont créées par Arrêté du Ministre en charge de l'Enseignement Supérieur et de la Recherche.</li><li>Les ZRR sont des lieux clos dont l'accès et la circulation sont règlementés afin d'assurer la protection des installations, du matériel ou du secret des recherches, études ou fabrication.</li></ul>"
    },
    {
      "id": "d",
      "type": "html",
      "name": "A retenir",
      "html": "<h4>Ce qu'il faut retenir :</h4><ul><li>Les recherches scientifiques qui sont faites à l'Inria sont protégées par le dispositif de protection du potentiel scientifique et technique (PPST). La liste des secteurs scientifiques et techniques protégés est publiée dans le <a href=\"https://www.legifrance.gouv.fr/affichTexte.do?cidTexte=JORFTEXT000026140136&categorieLien=id\" target=\"_blank\">journal officiel</a></li><li>Ce dispositif, qui dans sa version actuelle date de 2012, mais qui existe en fait depuis la fin de la 2ème guerre mondiale, sert à se protéger contre des menaces de puissances étrangères qui cherchent à s'emparer de nos productions scientifiques les plus sensibles (par exemple, celles qui peuvent concerner la défense nationale)</li><li>La mise en place du dispositif de PPST se matérialise par la création de Zones à Régime Restrictif (ZRR) qui protègent les recherches particulièrement sensibles.</li></ul>"
    },
    {
      "id": "e",
      "type": "assessment",
      "name": "Quiz non noté",
      "summary": "Quiz de compréhension (non noté) lié à la video \"Dispositif PPST\".",
      "items": [
        {
          "type": "drag-and-drop",
          "score": 0,
          "statement": "",
          "label": "Quelles sont les données qui peuvent être récupérées par notre smartphone dans le monde physique et le monde virtuel ?",
          "responses": [
            {
              "label": "Localisation",
              "value": "A"
            },
            {
              "label": "Empreinte digitale",
              "value": "B"
            },
            {
              "label": "Reconnaissance faciale",
              "value": "C"
            },
            {
              "label": "Rythme cardiaque",
              "value": "D"
            },
            {
              "label": "Nombre de pas par jour",
              "value": "I"
            },
            {
              "label": "Recherche web",
              "value": "E"
            },
            {
              "label": "Contact",
              "value": "F"
            },
            {
              "label": "Temps passé dans une application",
              "value": "G"
            },
            {
              "label": "Données de formulaire",
              "value": "H"
            }
          ],
          "correctResponse": [
            {
              "label": "Monde physique",
              "values": [
                "A",
                "B",
                "C",
                "D",
                "I"
              ]
            },
            {
              "label": "Monde virtuel",
              "values": [
                "E",
                "F",
                "G",
                "H"
              ]
            }
          ],
          "explanation": "Bien que toutes les équipes ne soient pas en ZRR, tous les secteurs de recherche Inria sont potentiellement sensibles et donc protégés."
        },
        {
          "type": "choice",
          "score": 0,
          "statement": "",
          "label": "Quels sont les secteurs scientifiques protégés ?",
          "responses": [
            {
              "label": "les recherches qui sont liées uniquement aux projets concernant la défense nationale",
              "value": "A"
            },
            {
              "label": "les recherches qui ne sont liées qu'aux domaines de l'informatique",
              "value": "B"
            },
            {
              "label": "toutes les recherches qui sont effectués à l'Inria",
              "value": "C"
            }
          ],
          "correctResponse": "C",
          "explanation": "Bien que toutes les équipes ne soient pas en ZRR, tous les secteurs de recherche Inria sont potentiellement sensibles et donc protégés."
        }
      ]
    },
    {
      "id": "g",
      "type": "video",
      "name": "Les 4 risques PPST",
      "source": "assets/demo/ZRR/zrr-inrto.mp4ideo.mp4",
      "subtitles": "assets/demo/VP/soustitre-chapitre-1.vtt",
      "summary": "Au cours de cette vidéo nous verrons les différents risques PPST"
    },
    {
      "id": "h",
      "type": "html",
      "name": "Règlement intérieur",
      "html": "<h4>Autorisations : </h4><p>Chez Inria, le Chef de la ZRR est le Directeur du Centre de Recherche Inria où la ZRR est localisée et le coordinateur de la PPST (CPPST) est le Délégué à l'Administration du Centre de Recherche Inria où la ZRR est localisée. Le CPPST est spécialement chargé de la préparation et de l'exécution des mesures de\nprotection. Il veille à l'application des procédures.<p>Il existe deux types d'autorisation d'accès à une ZRR :</p><ul><li>autorisation d'accès régulier : Elle est engagée par un personnel permanent d'Inria et autorisée par le FSD (Fonctionnaire Sécurité Défense) par délégation du PDG d'Inria</li><li>autorisation d'accès ponctuel : l'autorisation d'accès ponctuel est délivrée par le chef de la ZRR ou le CPPST à un visiteur de courte durée (- de 5 jours)</li></ul>"
    },
    {
      "id": "i",
      "type": "html",
      "name": "A retenir",
      "html": "<h4>Ce qu'il faut retenir :</h4><p>Les recherches scientifiques qui sont faites à l'Inria sont protégées par le dispositif de protection du potentiel scientifique et technique (PPST). La liste des secteurs scientifiques et techniques protégés est publiée dans le <a href=\"https://www.legifrance.gouv.fr/affichTexte.do?cidTexte=JORFTEXT000026140136&categorieLien=id\" target=\"_blank\">journal officiel</a></li><li>Ce dispositif, qui dans sa version actuelle date de 2012, mais qui existe en fait depuis la fin de la 2ème guerre mondiale, sert à se protéger contre des menaces de puissances étrangères qui cherchent à s'emparer de nos productions scientifiques les plus sensibles (par exemple, celles qui peuvent concerner la défense nationale)</li><li>La mise en place du dispositif de PPST se matérialise par la création de Zones à Régime Restrictif (ZRR) qui protègent les recherches particulièrement sensibles.</li></p>"
    },
    {
      "id": "j",
      "type": "assessment",
      "name": "Quiz non noté",
      "summary": "Quiz de compréhension (non noté) lié à la video \"Les 4 risques PPST\".",
      "items": [
        {
          "type": "choice",
          "score": 0,
          "statement": "Les recherches \"à caractère sensibles\" qui sont faites dans les équipes projets.",
          "label": "Pourquoi sont-elles protégées ?",
          "responses": [
            {
              "label": "elles sont uniques et ne doivent pas être diffusées en dehors de l'Inria",
              "value": "A"
            },
            {
              "label": "elles peuvent, si elles sont volées,  nuires aux intérêts de la nation.",
              "value": "B"
            },
            {
              "label": "elles peuvent être mises en danger par la nature de leurs publications",
              "value": "C"
            }
          ],
          "correctResponse": "B",
          "explanation": ""
        }
      ]
    },
    {
      "id": "l",
      "type": "video",
      "name": "Données sensibles, visiteurs et sanctions",
      "source": "assets/demo/ZRR/zrr-inrto.mp4ideo.mp4",
      "subtitles": "assets/demo/VP/soustitre-chapitre-1.vtt",
      "summary": "Accès aux données sensibles, accueil des visiteurs et sanctions"
    },
    {
      "id": "m",
      "type": "html",
      "name": "Règlement intérieur",
      "html": "<h4>Autorisations : </h4><p></p>"
    },
    {
      "id": "n",
      "type": "html",
      "name": "A retenir",
      "html": "<h4>Ce qu'il faut retenir :</h4><p></p>"
    },
    {
      "id": "o",
      "type": "assessment",
      "name": "Quiz non noté",
      "summary": "Quiz de compréhension (non noté) lié à la video \"Accès aux données sensibles, accueil des visiteurs et sanctions\".",
      "items": [
        {
          "type": "choice",
          "score": 0,
          "statement": "Les recherches \"à caractère sensibles\" qui sont faites dans les équipes projets.",
          "label": "Pourquoi sont-elles protégées ?",
          "responses": [
            {
              "label": "elles sont uniques et ne doivent pas être diffusées en dehors de l'Inria",
              "value": "A"
            },
            {
              "label": "elles peuvent, si elles sont volées,  nuires aux intérêts de la nation.",
              "value": "B"
            },
            {
              "label": "elles peuvent être mises en danger par la nature de leurs publications",
              "value": "C"
            }
          ],
          "correctResponse": "B",
          "explanation": ""
        }
      ]
    },
    {
      "id": "q",
      "type": "video",
      "name": "Echelle de sensibilité",
      "source": "assets/demo/ZRR/zrr-inrto.mp4ideo.mp4",
      "subtitles": "assets/demo/VP/soustitre-chapitre-1.vtt",
      "summary": "Entretien à propos de l'échelle de sensibilité"
    },
    {
      "id": "r",
      "type": "assessment",
      "easierScoring": true,
      "name": "Activité noté: Test final",
      "summary": "Quiz de compréhension (non noté) lié à la video \"Accès aux données sensibles, accueil des visiteurs et sanctions\".",
      "items": [
        {
          "type": "reorder",
          "score": 40,
          "statement": "Trier du moins important au plus important les impacts suivants :",
          "label": "Classification des impacts",
          "responses": [
            {
              "label": "Diffusion restreinte",
              "value": "A"
            },
            {
              "label": "Confidentiel",
              "value": "B"
            },
            {
              "label": "Public",
              "value": "C"
            },
            {
              "label": "Diffusion limitée",
              "value": "D"
            }
          ],
          "correctResponse": "CBDA",
          "explanation": ""
        },
        {
          "type": "multiple-choice",
          "score": 20,
          "statement": "",
          "label": "Qui a participé au développment de cette app  ?",
          "responses": [
            {
              "label": "Laurence",
              "value": "A"
            },
            {
              "label": "Benoit",
              "value": "B"
            },
            {
              "label": "Jean-Marc",
              "value": "C"
            }
          ],
          "correctResponse": [
            "B",
            "C"
          ],
          "explanation": ""
        },
        {
          "type": "choice",
          "score": 40,
          "statement": "Les recherches \"à caractère sensibles\" qui sont faites dans les équipes projets.",
          "label": "Pourquoi sont-elles protégées ?",
          "responses": [
            {
              "label": "elles sont uniques et ne doivent pas être diffusées en dehors de l'Inria",
              "value": "A"
            },
            {
              "label": "elles peuvent, si elles sont volées,  nuires aux intérêts de la nation.",
              "value": "B"
            },
            {
              "label": "elles peuvent être mises en danger par la nature de leurs publications",
              "value": "C"
            }
          ],
          "correctResponse": "B",
          "explanation": ""
        }
      ]
    }
  ],
  "parameters": {
    "chapterParameter": "Module",
    "openQuestionButton": "J'ai une opinion"
  }
}